{"stats":{"minecraft:custom":{"minecraft:time_since_rest":2627,"minecraft:crouch_one_cm":142,"minecraft:play_time":2627,"minecraft:sprint_one_cm":4711,"minecraft:damage_taken":10,"minecraft:walk_one_cm":2888,"minecraft:sneak_time":36,"minecraft:drop":1,"minecraft:jump":32,"minecraft:damage_dealt":19,"minecraft:leave_game":1,"minecraft:time_since_death":2627,"minecraft:total_world_time":2627,"minecraft:climb_one_cm":54,"minecraft:fall_one_cm":1894,"minecraft:fly_one_cm":29174},"minecraft:used":{"minecraft:acacia_planks":8},"minecraft:dropped":{"minecraft:wheat_seeds":1},"minecraft:picked_up":{"minecraft:stick":2,"minecraft:wheat_seeds":1,"minecraft:acacia_log":2},"minecraft:crafted":{"minecraft:acacia_planks":8},"minecraft:mined":{"minecraft:grass":8,"minecraft:acacia_log":2,"minecraft:acacia_leaves":4}},"DataVersion":3465}